alpha,position_strength,attention_concentration,position_correlation_mean,position_correlation_std
0.1,0.07406705617904663,5.089722208140302e-07,0.018004614859819412,0.19264616072177887
0.2,0.14813411235809326,1.937686420205864e-06,0.02223050780594349,0.18807099759578705
0.5,0.37033528089523315,1.1802541848737746e-05,0.020290926098823547,0.1934565007686615
1.0,0.7406705617904663,5.8031324442708865e-05,0.019662167876958847,0.18087704479694366
2.0,1.4813411235809326,0.00034790008794516325,0.02240763232111931,0.17359261214733124
5.0,3.703352451324463,0.0038936343044042587,0.017489321529865265,0.15560898184776306
10.0,7.406704902648926,0.008474468253552914,0.020930137485265732,0.155655175447464
