beta,decay_speed,attention_locality,position_correlation_mean,position_correlation_std
0.5,0.9307918067901365,0.04654492213012418,0.021479465067386627,0.17977915704250336
1.0,0.8718571259129432,0.04765797701838892,0.01803356222808361,0.18209592998027802
2.0,0.7783012447818634,0.051433595159323886,0.020277956500649452,0.17875714600086212
3.0,0.7089940597934108,0.05559613308287226,0.019035352393984795,0.18192647397518158
5.0,0.6170498988320751,0.05256391058355803,0.01335996575653553,0.1846594512462616
8.0,0.5423459410667419,0.050620354086277075,0.023573536425828934,0.17764487862586975
12.0,0.4935700220446433,0.05027698169578798,0.016152696684002876,0.1820870339870453
